title_source	id	start 	aat_types	title
British Library	041-001102330	1150	300000809	Northern England
British Library	040-001102881	0675	300000809	Northern England
British Library	041-001103014	0700	300000809	Northern England
British Library	041-001103847	1100	300000809	Durham, England
British Library	040-001617742	1196	300000809	Beverlaco, Yorkshire ; Dukmanton, Derbyshire ; Ettewelle, Derbyshire ; Leicester, Leicestershire ; Salopesburi, Shropshire ; Shrewsbury, Shropshire
British Library	040-001618051	1241	300000809	Durham, England ; Stanlegh, Derbyshire
British Library	040-001618052	1230	300000809	Jezemue, Northumberland ; Novo Castello, Northumberland
British Library	040-001618053	1395	300000809	Berewico super Tweda, Northumberland
British Library	040-001618054	1449	300000809	Durham, England ; Weardale Forest, England
British Library	040-001618055	1394	300000809	Berewyke, Northumberland ; Northumberland, England
British Library	040-001618056	1280	300000809	Jesemuth, Northumberland ; Novo Castro, Northumberland
British Library	040-001618082	1200	300000809	Cavereswall, Staffordshire ; Hetyleia, Shropshire
British Library	040-001618352	1437	300000809	Derbyshire, England ; Gloucestershire, England ; Herefordshire, England
British Library	040-001618507	1399	300000809	Blakwelle, Derbyshire ; Durham, England ; Normanton, Derbyshire ; Normanton, Derbyshire ; Pinxton, Derbyshire ; Pynkeston, Derbyshire
British Library	040-001951042	1369	300000809	048-001632174 ; 048-002958609 ; Aldbourn, Wiltshire ; Bamburgh, Northumberland ; Boston, Lincolnshire ; Bristol, Gloucestershire ; Calais, France ; Chester, Cheshire ; Cologne, Germany ; Dunstanburgh, Northumberland ; Eltham, Kent ; Genoa, Italy ; Havering atte Bower, Essex ; Hertford, Hertfordshire ; Houghton St Giles, Norfolk ; Kent, England ; King's Langley, Hertfordshire ; Lincolnshire, England ; London, United Kingdom ; Lucca, Italy ; Lynsted, Kent ; Mantes, France ; Newcastle-upon-Tyne, Northumberland ; Old Romney, Kent ; Portersfee, Essex ; Romford, Essex ; Skirbeck, Lincolnshire ; Spain, Europe ; St Albans, England ; St Omer, Pas-de-Calais ; Staincliff in Craven, West Riding of Yorkshire ; Suffolk, England ; Wallingford, Berkshire ; Westminster, England ; Worcestershire, England ; Yorkshire, England
British Library	040-001951547	1100	300000809	Hereford, Herefordshire ; Hibernia, Europe ; London, United Kingdom ; Normandy, France ; Scotia, Scotland ; Shropshire, England ; Westminster, England
British Library	040-001952890	1175	300000809	Northern England
British Library	040-001953777	1200	300000809	Bernay, Normandy ; Billingham, Durham ; Bolton, Edlingham ; Brancepeth, Durham ; Coldingham, Berwickshire ; County Durham, England ; Durham, England ; Eastrington, Yorkshire ; Edlingham, Northumberland ; Edrom, Berwickshire ; Elwick, Northumberland ; Greatham, Durham ; Heworth, Durham ; Hilton, Durham ; Holtby, Yorkshire ; Howden, Yorkshire ; Muggleswick, Durham ; Norhamshire, Northumberland ; Normanton, Nottinghamshire ; Northallerton, North Riding of Yorkshire ; Northumberland, England ; Preston, Durham ; River Tyne, United Kingdom ; Selby, Yorkshire ; Sherburn, Durham ; Simonside, Durham ; Skipwith, East Riding of Yorkshire ; Spennymoor, Durham ; Wolviston, Durham
British Library	040-001953989	1035	300000809	Berwick, Lympne ; Otterpoole, Kent ; River Stour, Kent ; Stanford, Kent
British Library	040-001954023	1499	300000809	Burton-on-Trent, England ; Horton, Shropshire ; Malinslee, Shropshire
British Library	040-001954115	1292	300000809	Brockton, Longford ; Eyton-upon-the-wild-moors, Shropshire ; Horton, Shropshire ; Ingwardine, Shropshire ; Lawley, Shropshire ; Malinslee, Shropshire ; Ruthall in Prior's Ditton, Shropshire ; Sutton, Market Drayton
British Library	040-001954116	1204	300000809	Chetton, Shropshire
British Library	040-001954460	1219	300000809	Allerdale, Cumberland ; Bridekirk
British Library	040-001954461	1220	300000809	Allerdale, Cumberland ; Bridekirk
British Library	036-001954462	1115	300000809	Barnard Castle, Durham ; Bolam, Durham ; Carlisle, Cumberland ; Denton, Durham ; Gainford, Durham ; Houghton-le-Side, Durham ; Middleton-in-Teesdale, Durham ; Stainton, Durham ; Stockleigh, Durham
British Library	040-001954470	1238	300000809	Hartlepool, Durham
British Library	040-001954471	1262	300000809	Aislaby, Durham ; Castle Eden, Durham ; Hart, Durham ; Hartlepool, Durham ; Hartness, Durham ; Seaton-Carew, Durham ; Stranton, Durham ; Trimdon, Durham
British Library	040-001954472	1422	300000809	Boldron, North Riding of Yorkshire ; Haverbrack, Westmorland ; Lancashire, England
British Library	040-001954474	1256	300000809	Lochmaben, Dumfriesshire ; Teviotdale, Scotland
British Library	040-001954582	1325	300000809	Aylestone, Leicestershire ; Tong, Shropshire
British Library	032-001985272	1260	300000809	Hereford, Herefordshire
British Library	032-001985961	1169	300000809	Durham, England ; Lincoln, Lincolnshire
British Library	032-002017514	1200	300000809	Ireland, Europe ; Treago Castle, Herefordshire
British Library	032-002017645	0690	300000809	Monk Wearmouth, Durham
British Library	040-002021971	1339	300000809	Caus, Shropshire ; Mensterleye, Shropshire
British Library	040-002025839	1375	300000809	Burton-Pedwardine, Lincolnshire ; Clipston, Northamptonshire ; Friskney, Lincolnshire ; Kendal, Westmorland ; South Warnborough, Hampshire
British Library	040-002026388	1400	300000809	Great Musgrave, Westmorland
British Library	040-002026409	1401	300000809	Blakesley, Northamptonshire ; Castle Ashby, Northamptonshire ; Greens Norton, Northamptonshire ; Warkworth, Northumberland
British Library	040-002026471	1300	300000809	Adderley, Shropshire ; Arundel, Sussex ; Ashford, Kent ; Barton-in-the-Clay, Bedfordshire ; Beechamwell, Norfolk ; Binfield, Berkshire ; Brandsburton, Yorkshire ; Brington, Northant ; Brundish, Suffolk ; Chinnor, Oxfordshire ; Corringham, Essex ; Cottingham, Yorkshire ; Crondall, Hampshire ; Dronfield, Derbyshire ; Fulbourne, Cambridgeshire ; Hayes, Middlesex ; Hellesdon, Norfolk ; Hereford, Herefordshire ; Higham Ferrers, Northamptonshire ; Horsmonden, Kent ; Kemsing, Kent ; Lewknor, Oxfordshire ; Lidgate, Suffolk ; London, United Kingdom ; North Mimms, Hertfordshire ; Northfleet, Kent ; Ockham, Surrey ; Oulton, Suffolk ; Rothwell, Northamptonshire ; Salisbury, England ; Saltwood, Kent ; Sparsholt, Berkshire ; Stanford-in-the-Vale, Berkshire ; Stifford, Essex ; Stoke in Teignhead, Devon ; Wantage, Berkshire ; Watton, Hertfordshire ; Wensley, Yorkshire ; West Hanney, Berkshire ; Westminster, England ; Winchester, England ; Woodchurch, Kent ; York, Yorkshire
British Library	040-002026472	1200	300000809	Acton Burnell, Shropshire ; Acton, Suffolk ; Addington, Kent ; Aldborough, Yorkshire ; Audley, Staffordshire ; Aveley, Essex ; Bodiham, Sussex ; Bowers Gifford, Essex ; Bray, Berkshire ; Buslingthorpe, Lincolnshire ; Chartham, Kent ; Chinnor, Oxfordshire ; Cliffe Pipand, Wiltshire ; Cobham, Kent ; Croft, Lincolnshire ; Draycott Cerne, Wiltshire ; Drayton Beauchamp, Buckinghamshire ; Elsing, Norfolk ; Etchingham, Sussex ; Felbrigg, Norfolk ; Fletching, Sussex ; Gorleston, Suffolk ; Graveney, Kent ; Great Berkhampstead, Hertfordshire ; Harrow, Middlesex ; Horseheath, Cambridgeshire ; Letheringham, Suffolk ; Minster in Sheppey, Kent ; Pebmarsh, Essex ; Rotherfield-Grays, Oxfordshire ; Seal, Kent ; Shopland, Essex ; St Albans, England ; Stoke d'Abernon, Surrey ; Strensham, Worcestershire ; Strensham, Worcestershire ; Ticehurst, Sussex ; Wanlip, Leicestershire ; Watton, Hertfordshire ; Westley -Waterless, Cambridgeshire ; Wimbish, Essex ; Wood Ditton, Cambridgeshire
British Library	040-002026473	1300	300000809	Ashbury, Berkshire ; Ashford, Kent ; Boston, Lincolnshire ; Brancepeth, Durham ; Bristol, Gloucestershire ; Broughton, Lincolnshire ; Burford, Shropshire ; Calbourne, Isle of Wight ; Cheam, Surrey ; Chinnor, Oxfordshire ; Cliffe Pipand, Wiltshire ; Clifton Campville, Staffordshire ; Cobham, Kent ; Cople, Bedfordshire ; Deddington, Oxfordshire ; Grainthorp, Lincolnshire ; Graveney, Kent ; Great Berkhampstead, Hertfordshire ; Halstow High, Kent ; Hellesdon, Norfolk ; Hereford, Herefordshire ; Hildersham, Cambridgeshire ; Irnham, Lincolnshire ; King's Sombourn, Hampshire ; Lingfield, Surrey ; London, United Kingdom ; Necton, Norfolk ; Nuffield, Oxfordshire ; Rusper, Sussex ; Sherborne St John, Hampshire ; Southacre, Norfolk ; Spilsby, Lincolnshire ; Stebbing, Essex ; Stoke Fleming, Devon ; Taplow, Buckinghamshire ; Topcliffe, North Riding of Yorkshire ; Trotton, Sussex ; Ware, Hertfordshire ; Waterperry, Oxfordshire ; Watford, Hertfordshire ; Westminster, England ; Winterbourne, Gloucestershire ; Wotton-under-Edge, Gloucestershire ; Wymington, Bedfordshire
British Library	040-002026476	1395	300000809	Arundel, Sussex ; Aspley Guise, Bedfordshire ; Aylsham, Norfolk ; Bampton, Oxfordshire ; Battle, Sussex ; Bottesford, Leicestershire ; Bristol, Gloucestershire ; Broxbourne, Hertfordshire ; Chalfont St Giles, Buckinghamshire ; Childrey, Berkshire ; Cirencester, England ; Cobham, Kent ; Emberton, Buckinghamshire ; Fakenham, Norfolk ; Faversham, Kent ; Fiskerton, Lincolnshire ; Great Berkhampstead, Hertfordshire ; Greenford, Middlesex ; Haddenham, Buckinghamshire ; Harrow, Middlesex ; Hayes, Kent ; Hereford, Herefordshire ; Herne, Kent ; Hoo, Kent ; Houghton Regis, Bedfordshire ; Laindon, Essex ; Lewes, Sussex ; Little Hadham, Hertfordshire ; Luton, Bedfordshire ; Poling, Sussex ; Saffron Walden, Essex ; South Creake, Norfolk ; Southfleet, Kent ; Sparham, Norfolk ; St Albans, England ; Stanford, Nottinghamshire ; Stifford, Essex ; Strethall, Essex ; Thaxted, Essex ; Upwell, counties Cambridgeshire and Norfolk ; Wilshampstead, Bedfordshire ; Worstead, Norfolk
British Library	040-002026477	1355	300000809	Balsham, Cambridgeshire ; Blisland, Cornwall ; Boston, Lincolnshire ; Broadwater, Sussex ; Bromley Great, Essex ; Buxted, Sussex ; Cardinham, Cornwall ; Chelsfield, Kent ; Cheshunt, Hertfordshire ; Compton Valence, Dorset ; Cotterstock, Northamptonshire ; Cowfold, Sussex ; Cuckfield, Sussex ; Flamstead, Hertfordshire ; Great Leigh, Essex ; Great Shelford, Cambridgeshire ; Halvergate, Norfolk ; Harlington, Middlesex ; Havant, Hampshire ; Hoo, Kent ; Iden, Sussex ; Ledbury, Herefordshire ; Lingfield, Surrey ; Longworth, Berkshire ; Lydd, Kent ; Lytchett-Maltravers, Dorset ; Mawgan, Cornwall ; Melton, Suffolk ; Milton Keynes, Buckinghamshire ; Monks Risborough, Buckinghamshire ; Monkton, Kent ; Plattenham, Surrey ; Pulborough, Sussex ; Ringwood, Hampshire ; Royston, Hertfordshire ; Sparsholt, Berkshire ; Stone, Dartford ; Tredington, Worcestershire ; Turweston, Buckinghamshire ; Walton-on-Trent, Derbyshire ; Welford, Berkshire ; West Tanfield, North Yorkshire ; Whitchurch, Oxfordshire ; Willian, Hertfordshire ; Winchester, England ; Woodford-cum-Membris, Northamptonshire ; Yielden, Bedfordshire
British Library	040-002026478	1451	300000809	Arundel, Sussex ; Balsham, Cambridgeshire ; Barningham, Suffolk ; Beeford, Yorkshire ; Blewberry, Berkshire ; Brancepeth, Durham ; Brightwell Salome, Oxfordshire ; Bristol, Gloucestershire ; Buckland, Hertfordshire ; Byfleet, Surrey ; Carlisle, Cumberland ; Charlton on Otmoor, Oxfordshire ; Cheriton, Kent ; Chipping Warden, Northamptonshire ; Chislehurst, Kent ; Cirencester, England ; Cowthorpe, West Riding of Yorkshire ; Crowell, Oxfordshire ; East Dereham, Norfolk ; East Horsley, Surrey ; Ewelme, Oxfordshire ; Fladbury, Worcestershire ; Fovant, Wiltshire ; Fulbourne, Cambridgeshire ; Great Hasely, Oxfordshire ; Harrow, Middlesex ; Hereford, Herefordshire ; Hitchin, Hertfordshire ; Leeds, Yorkshire ; Lillingstone Dayrell, Buckinghamshire ; Lingfield, Surrey ; London, United Kingdom ; Odiham, Hampshire ; Pakefield, Suffolk ; Ringstead, Norfolk ; Shillington, Bedfordshire ; Stamford, Lincolnshire ; Surlingham, Norfolk ; Tredington, Worcestershire ; Upton Lovel, Wiltshire ; West Harling, Norfolk ; Westminster, England ; Wilbraham, Cambridgeshire ; Winchester, England ; Yeovil, Somerset
British Library	040-002026479	1400	300000809	Aldborough, Norfolk ; Amberley, Sussex ; Ashby St. Legers, Northamptonshire ; Beddington, Surrey ; Blickling, Norfolk ; Burgate, Suffolk ; Chalfont St Peter, Buckinghamshire ; Cirencester, England ; Clifton Reynes, Buckinghamshire ; Cobham, Kent ; Cople, Bedfordshire ; Covenham St. Bartholomew, Lincolnshire ; Digswell, Hertfordshire ; Dodford, Northamptonshire ; Felbrigg, Norfolk ; Great Harrowden, Northamptonshire ; Great Tew, Oxfordshire ; Harpham, Yorkshire ; Hatley St. George, Cambridgeshire ; Hurstmonceaux, Sussex ; Lingfield, Surrey ; Meppershall, Bedfordshire ; Oakwood, Surrey ; Sawtry, Huntingdonshire ; Sheldwick, Kent ; Sonning, Berkshire ; South Ockendon, Essex ; St. Lawrence, Thanet ; Stevington, Bedfordshire ; Stoke by Neyland, Suffolk ; Stradsett, Norfolk ; Stratfield Mortimer, Buckinghamshire ; Strensham, Worcestershire ; Strensham, Worcestershire ; Sundridge, Kent ; Trotton, Sussex ; Wandsworth, Surrey ; Warkworth, Northumberland
British Library	040-002026480	1450	300000809	Aldwinkle, Northamptonshire ; Crowhurst, Surrey ; Denham, Buckinghamshire ; Edenhall, Cumberland ; Great Cressingham, Norfolk ; Hempstead, Essex ; Holton, Oxfordshire ; Hoo, Kent ; Ketteringham, Norfolk ; Laughton, Lincolnshire ; Ledbury, Herefordshire ; London, United Kingdom ; Marston Moretaine, Bedfordshire ; Merstham, Surrey ; Morley, Derbyshire ; Nether Heyford, Northamptonshire ; Northolt, Middlesex ; Preston-next-Faversham, Kent ; Putney, Surrey ; Roydon, Essex ; Shere, Surrey ; Shirburn, Oxfordshire ; Sotterley, Suffolk ; Sprotbrough, Yorkshire ; St Albans, England ; Stokesby, Norfolk ; Tattershall, Lincolnshire ; Thanington, Kent ; Thornton, Buckinghamshire ; Westminster, England
British Library	040-002026481	1400	300000809	Addington, Kent ; Allerton Mauleverer, Yorkshire ; Baginton, Warwickshire ; Barsham, Suffolk ; Blakesley, Northamptonshire ; Bobbing, Kent ; Bocking, Essex ; Burnham Thorpe, Norfolk ; Cassington, Oxfordshire ; Cobham, Kent ; Cranford, Northamptonshire ; Dartmouth, Devon ; Digswell, Hertfordshire ; Exeter, England ; Gunby, Lincolnshire ; Halstead, Kent ; Harpham, Yorkshire ; Hinxton, Cambridgeshire ; Kidderminster, Worcestershire ; Little Casterton, Rutland ; Little Horkesley, Essex ; Mendlesham, Suffolk ; Merevale, Warwickshire ; Playford, Suffolk ; Rougham, Suffolk ; Routh, Yorkshire ; South Kelse, Lincolnshire ; Spilsby, Lincolnshire ; Springfield, Essex ; Ulcombe, Kent ; Wantage, Berkshire ; Warkworth, Northumberland ; Warwick, Warwickshire ; Wisbech, Cambridgeshire ; Wixford, Warwickshire
British Library	040-002026482	1422	300000809	Addington, Kent ; Albury, Surrey ; Arreton, Isle of Wight ; Ashford, Kent ; Aughton, East Riding of Yorkshire ; Aylesford, Kent ; Battle, Sussex ; Carshalton, Surrey ; Chalgrove, Oxfordshire ; Cheddar, Somerset ; Chedzoy, Somerset ; Childrey, Berkshire ; Chinnor, Oxfordshire ; Clehonger, Herefordshire ; Dinton, Buckinghamshire ; Dodford, Northamptonshire ; Etchingham, Sussex ; Ewelme, Oxfordshire ; Farringdon, Berkshire ; Fladbury, Worcestershire ; Goudhurst, Kent ; Hampton Poyle, Oxfordshire ; Harlow, Essex ; Helmsley, Yorkshire ; Hereford, Herefordshire ; Howden, Yorkshire ; Ilminister, Somerset ; Irnham, Lincolnshire ; Lambourn, Berkshire ; Lanteglos, Cornwall ; Latton, Essex ; Leeds, Yorkshire ; Linton, Cambridgeshire ; Lostwithiel, Cornwall ; Lullingstone, Kent ; Margate, Kent ; Mere, Wiltshire ; Morley, Derbyshire ; Pluckley, Kent ; Preston-next-Faversham, Kent ; Rougham, Norfolk ; Saltwood, Kent ; Sawbridgeworth, Hertfordshire ; Sherborne St John, Hampshire ; South Petherton, Somerset ; Staveley, Derbyshire ; Stoke Poges, Buckinghamshire ; Swaffham, Norfolk ; Teynham, Kent ; Theddlethorpe, Lincolnshire ; Thruxton, Hampshire ; Wellesbourne, Warwickshire ; West Grinstead, Sussex ; Wiston, Suffolk ; Wymington, Bedfordshire
British Library	040-002026483	1451	300000809	Addington, Kent ; Arundel, Sussex ; Ashby St. Legers, Northamptonshire ; Beckington, Somerset ; Brampton, Norfolk ; Charwelton, Northamptonshire ; Clifton, Nottinghamshire ; Feltwell, Norfolk ; Fladbury, Worcestershire ; Haccombe, Devon ; Hathersage, Derbyshire ; Honing, Norfolk ; Horton, Northamptonshire ; Houghton Conquest, Bedfordshire ; Hutton, Somerset ; Isleham, Cambridgeshire ; Kedleston, Derbyshire ; Knodishall, Suffolk ; Leeds, Yorkshire ; Lillingstone Dayrell, Buckinghamshire ; Little Easton, Essex ; London, United Kingdom ; North Mimms, Hertfordshire ; Ockham, Surrey ; Sandon, Hertfordshire ; Sawley, Derbyshire ; Sculthorpe, Norfolk ; Sherborne St John, Hampshire ; Shernborne, Norfolk ; South Ormsby, Lincolnshire ; St Albans, England ; St. Michael Penkevil, Cornwall ; Stoke Rochford, Lincolnshire ; Stokerston, Leicestershire ; Stopham, Sussex ; Strelley, Nottinghamshire ; Tong, Shropshire ; Ulcombe, Kent ; Warham All Saints, Norfolk ; Warkworth, Northumberland ; Westminster, England ; Whissonsett, Norfolk ; Wilmslow, Cheshire ; Winwick, Lancashire ; Wollaton, Nottinghamshire
British Library	040-002026485	1395	300000809	Acton, Suffolk ; Anthony, Cornwall ; Arundel, Sussex ; Astley, Warwickshire ; Aston, Hertfordshire ; Beddington, Surrey ; Boston, Lincolnshire ; Brabourne, Kent ; Broughton, Oxfordshire ; Cheddar, Somerset ; Chester-le-Street, Durham ; Cobham, Kent ; East Markham, Nottinghamshire ; Elstow, Essex ; Enfield, Middlesex ; Frettenham, Norfolk ; Goring, Oxfordshire ; Great Bookham, Surrey ; Harefield, Middlesex ; Hellingly, Sussex ; Hever, Kent ; Hinckley, Leicestershire ; Ightfield, Shropshire ; Langridge, Somerset ; Lingfield, Surrey ; Little Marlow, Buckinghamshire ; Little Wittenham, Berkshire ; Long Melford, Suffolk ; Manchester, Lancashire ; Minehead, Somerset ; Nether Wallop, Hampshire ; Quinton, Gloucestershire ; Saltwood, Kent ; Sheldwick, Kent ; Shottesbrook, Berkshire ; South Mimms, Middlesex ; South Petherton, Somerset ; Southfleet, Kent ; St Ives, Cornwall ; St. Giles-in-the-Wood, Devon ; Stanford Dingley, Berkshire ; Stratfield Mortimer, Buckinghamshire ; Swanwick, Dorset ; Swithland, Leicestershire ; Tintagel, Cornwall ; Waltham, Lincolnshire ; Warkworth, Northumberland ; West Grinstead, Sussex ; Wicken, Cambridgeshire ; Wrentham, Suffolk ; Wroxhall, Warwickshire ; Wymington, Bedfordshire
British Library	040-002026486	1452	300000809	Aldborough, Norfolk ; Baconsthorpe, Norfolk ; Biddenden, Kent ; Blickling, Norfolk ; Bobbing, Kent ; Broxbourne, Hertfordshire ; Canterbury, England ; Castle Donington, Leicestershire ; Cheam, Surrey ; Checkendon, Oxfordshire ; Cheshunt, Hertfordshire ; Chittlehampton, Devon ; Dartford, Kent ; Digswell, Hertfordshire ; East Dereham, Norfolk ; Erith, Kent ; Etchingham, Sussex ; Floore, Northamptonshire ; Great Barford, Oxfordshire ; Hathersage, Derbyshire ; Hereford, Herefordshire ; Herne, Kent ; Hunsdon, Hertfordshire ; Ipswich, Suffolk ; Liddington, Rutland ; Little Wittenham, Berkshire ; Long Grendon, Buckinghamshire ; Low Leyton, Essex ; Merstham, Surrey ; North Mimms, Hertfordshire ; Norwich, England ; Oulton, Suffolk ; Oxshot, Surrey ; Pepper-Harrow, Surrey ; Raveningham, Norfolk ; Snodland, Kent ; St Mary, Kent ; Stamford, Lincolnshire ; Stapleford, Leicestershire ; Stretham, Cambridgeshire ; Tattershall, Lincolnshire ; Tidmarsh, Berkshire ; Upton, Buckinghamshire ; Wappenham, Northamptonshire ; Ware, Hertfordshire ; Wing, Buckinghamshire ; Yoxford, Suffolk
British Library	032-002027606	1302	300000809	Berwick-upon-Tweed, Northumberland
British Library	032-002028606	1400	300000809	Berwick-upon-Tweed, Northumberland
British Library	032-002029050	1360	300000809	Wigmore, Herefordshire
British Library	040-002029784	1250	300000809	Aquitaine, France ; Calais, France ; Carnarvonshire, Wales ; Cheshire, England ; Derwentfells, Cumberland ; Edinburgh, Scotland ; Jersey, Channel Islands ; Lincoln, Lincolnshire ; London, United Kingdom ; Malines, Belgium ; Pleshey, Essex ; Southampton, Hampshire ; Suffolk, England ; Ulster, Province of, Northern Ireland ; Westminster, England ; Wiltshire, England ; Windermere, Westmorland ; York, Yorkshire
British Library	032-002031350	1300	300000809	Coldingham, Berwickshire ; Durham, England
British Library	032-002032298	1150	300000809	Northern England
British Library	040-002039375	1125	300000809	Midlands, England ; Northern England
British Library	040-002039559	1400	300000809	Gateshead, Durham
British Library	040-002039615	1200	300000809	Durham, Church of St. Cuthbert, Durham
British Library	040-002048560	1075	300000809	Durham, England
British Library	040-002054048	1299	300000809	Berwick-upon-Tweed, Northumberland ; Jedworth, Roxburghshire ; Stirling, Scotland
British Library	040-002054071	1410	300000809	Ellesmere, Shropshire ; Troyes, France
British Library	032-002054975	1300	300000809	Affligam, Flanders ; Cuttlestone Hundred, Staffordshire ; Hogstowe Forest, Shropshire ; Hope, Shropshire ; Madeley, Staffordshire ; Stafford, Staffordshire ; Thornbury, Gloucestershire ; Tysoe, Warwickshire
British Library	032-002057978	1400	300000809	Durham, England ; St Bride Major, Glamorganshire
British Library	040-002058173	1100	300000809	Burton Agnes, Yorkshire ; Hexham, Northumberland
British Library	041-003354887	1175	300000809	Durham, England
British Library	032-002059429	1360	300000809	Aquitaine, France ; Belleville, France ; Berwick-upon-Tweed, Northumberland ; Gascony, France ; Ponthieu, District of, France
British Library	032-002059839	1160	300000809	Durham, England ; Hexham, Northumberland
British Library	032-002083357	1100	300000809	Buildwas, Shropshire ; Nantwich, Cheshire ; North Molton, Devon ; Northwich, Hundred of, Shropshire ; Shrewsbury, Shropshire
British Library	040-002085122	1300	300000809	Caerlaverock, Dumfriesshire
British Library	032-002087652	1400	300000809	Culford, Suffolk ; Flempton, Suffolk ; Fornham All Saints, Suffolk ; Fornham St Genevieve, Suffolk ; Fornham St. Martin, Suffolk ; Great Barton, Suffolk ; Great Saxham, Suffolk ; Hengrave, Suffolk ; Risby, Suffolk ; Warkworth, Northumberland ; Westley, Suffolk
British Library	040-002088182	1175	300000809	Durham, England
British Library	032-002088566	1320	300000809	Egremont, Cumberland ; Holbeach, Lincolnshire ; Moulton, Lincolnshire
British Library	040-002088758	1200	300000809	Northern England
British Library	032-002093352	1200	300000809	Kingstone, Herefordshire ; Martley, Worcestershire ; Newent, Gloucestershire ; Olveston, Gloucestershire ; Pauntley, Gloucestershire ; Southampton, Hampshire ; Ste Barbe en Auge, Auge ; Torkington, Gloucestershire
British Library	032-002107852	1400	300000809	River Wye, Herefordshire
British Library	032-002120059	1216	300000809	Herefordshire, England
British Library	032-002121828	1332	300000809	Berkhampstead, Hertfordshire ; Blountes, Suffolk ; Braughin, Hertfordshire ; Clee juxta Grymesby, Lincolnshire ; Croydon, Surrey ; Dartford, Kent ; East Peckham, Kent ; Furneaux, Hertfordshire ; Grean or Graine, Kent ; Great Dunmow, Essex ; Hadlow, Kent ; Hampton, Shropshire ; Layston, Hertfordshire ; Little Hormead, Hertfordshire ; Marden, Kent ; Middletone Milton?, Kent ; Newcastle-under-Lyme, Staffordshire ; Pelham, Hertfordshire ; Quenhawe, Hertfordshire ; Rockbourne juxta Brommore, Hampshire ; Rothwell, Northamptonshire ; Saint Alban's, Hertfordshire ; Sandon, Hertfordshire ; South Bradon, Somerset ; Standon, Hertfordshire ; Therfield, Hertfordshire ; Throcking, Hertfordshire ; Watton, Hertfordshire ; Weston, Lincolnshire ; Winthorpe, Lincolnshire ; Yalding, Kent
British Library	032-002122983	1200	300000809	Barking, Essex ; Kennet, Suffolk ; Kensworth, Hertfordshire ; Langley, Leicestershire ; Ledewich, Shropshire ; Maltby, Norfolk ; Meaux, East Riding of Yorkshire ; North Weetslade, Northumberland ; Ossington, Nottinghamshire ; Runham, Norfolk ; St Alban's, Hertfordshire ; Tynerington, Yorkshire ; Wendover, Buckinghamshire ; Wherstead, Suffolk ; Wrangdyke, Hundred of, Rutland
British Library	032-002123544	1359	300000809	Drinkstone, Suffolk ; Hereford, Herefordshire ; Roothing
British Library	032-002123691	1336	300000809	East Ham, Essex ; Hamme-Eton, Herefordshire ; Langford, Essex ; Messing, Essex ; Roothing ; St Clement Danes, Middlesex ; Stansted, Essex
British Library	032-002123770	1216	300000809	Carlton, Bedfordshire ; Chellington, Bedfordshire ; Donnington, Leicestershire ; Eton, Herefordshire ; Lathbury, Buckinghamshire ; Leicestershire, England
British Library	032-002124894	1320	300000809	Leominster, Herefordshire
British Library	040-002125424	1216	300000809	Much Marcle, Herefordshire
British Library	040-002125425	1216	300000809	Much Marcle, Herefordshire
British Library	040-002125426	1216	300000809	Much Marcle, Herefordshire
British Library	040-002125427	1216	300000809	Much Marcle, Herefordshire
British Library	040-002125428	1216	300000809	Much Marcle, Herefordshire
British Library	040-002125429	1216	300000809	Much Marcle, Herefordshire
British Library	040-002125430	1216	300000809	Much Marcle, Herefordshire
British Library	040-002125431	1272	300000809	Mawen, Herefordshire ; Rous, Herefordshire ; Rowbury, Herefordshire ; Whitchurch Maund, Herefordshire
British Library	040-002125434	1294	300000809	Kynaston, Herefordshire
British Library	040-002125436	1216	300000809	Much Marcle, Herefordshire
British Library	040-002125437	1216	300000809	Much Marcle, Herefordshire
British Library	040-002125438	1216	300000809	Kynaston, Herefordshire ; Much Marcle, Herefordshire
British Library	040-002125439	1216	300000809	Much Marcle, Herefordshire
British Library	040-002125440	1216	300000809	Much Marcle, Herefordshire
British Library	040-002125441	1373	300000809	Lugwarden, Herefordshire ; Rowbury, Herefordshire
British Library	040-002125447	1491	300000809	Colbrandepeth, Berwickshire
British Library	032-002125604	1154	300000809	County Durham, England ; Northumberland, England ; Silksworth, Durham
British Library	040-002125611	1200	300000809	Embleton, Durham
British Library	040-002125612	1195	300000809	Thorpe Thewles, Durham
British Library	040-002125613	1200	300000809	Stotfold, Durham
British Library	040-002125614	1195	300000809	Thorpe Thewles, Durham
British Library	040-002125617	1200	300000809	Stotfold, Durham
British Library	040-002125619	1200	300000809	Stotfold, Durham
British Library	040-002125620	1249	300000809	Stanhope, Durham
British Library	040-002125621	1216	300000809	Wingate, Durham
British Library	040-002125622	1260	300000809	Easington, Durham
British Library	040-002125623	1260	300000809	Easington, Durham
British Library	040-002125624	1260	300000809	Easington, Durham
British Library	040-002125626	1272	300000809	West Rainton, Durham
British Library	040-002125629	1200	300000809	Burntoft-in-Elwick-Hall, Durham
British Library	040-002125630	1200	300000809	Hardwick, Durham
British Library	040-002125639	1351	300000809	Beaufront, Northumberland ; Bingfield, Northumberland ; Bush, Northumberland ; Hexham, Northumberland ; Portgate, Northumberland
British Library	040-002125643	1300	300000809	Haswell, Durham
British Library	040-002125644	1336	300000809	Eirk-Heaton, Northumberland
British Library	040-002125645	1300	300000809	Houghton-le-Spring, Durham ; Moorhouses, Durham
British Library	040-002125646	1305	300000809	Bernwell, Houghton-le-Spring ; Houghton-le-Spring, Durham ; Pensher, Durham
British Library	040-002125647	1200	300000809	Hardwick, Durham
British Library	040-002125648	1312	300000809	Jesmond, Northumberland
British Library	040-002125650	1315	300000809	Foxton, Durham ; Sedgefield, Durham
British Library	040-002125651	1260	300000809	Easington, Durham ; Hawthorn, Durham
British Library	040-002125654	1323	300000809	Corbridge, Northumberland
British Library	040-002125655	1323	300000809	Goswick, Northumberland
British Library	040-002125656	1330	300000809	Spen, Durham
British Library	040-002125658	1331	300000809	East Thickley, Durham
British Library	040-002125660	1315	300000809	Sedgefield, Durham
British Library	040-002125661	1315	300000809	Sedgefield, Durham ; Shotton, Durham
British Library	040-002125665	1340	300000809	Hulam, Durham ; Hutton, Durham
British Library	040-002125667	1312	300000809	East and West Swinburn, Northumberland ; Jesmond, Northumberland ; Togstone, Warkworth ; Wenyngklyve in Warkworth, Northumberland ; Whiskersheels, Redesdale
British Library	040-002125668	1348	300000809	Seaham, Durham ; Seaton, Durham
British Library	040-002125671	1364	300000809	Brancepeth, Durham
British Library	040-002125672	1260	300000809	Brancepeth, Durham ; Easington, Durham ; Horden in Easington, Durham
British Library	040-002125673	1364	300000809	Brancepeth, Durham
British Library	040-002125674	1364	300000809	Brancepeth, Durham ; West Burdon, Bishop- Wearmouth
British Library	040-002125675	1364	300000809	Brancepeth, Durham
British Library	040-002125676	1200	300000809	Brancepeth, Durham ; Burntoft-in-Elwick-Hall, Durham
British Library	040-002125677	1330	300000809	Barlow, Winlaton ; Brancepeth, Durham ; Spen, Durham
British Library	040-002125678	1364	300000809	Brancepeth, Durham
British Library	040-002125679	1260	300000809	Easington, Durham ; Horden in Easington, Durham
British Library	040-002125681	1200	300000809	Hardwick, Durham
British Library	040-002125682	1415	300000809	Preston, Northumberland
British Library	040-002125683	1300	300000809	Houghton-le-Spring, Durham ; Jesmond, Northumberland ; Pensher, Durham
British Library	040-002125684	1200	300000809	Stotfold, Durham
British Library	040-002125741	1281	300000809	Stokesay, Shropshire
British Library	040-002125953	1436	300000809	Chadnor, Herefordshire
British Library	040-002127192	1384	300000809	Warkworth, Northumberland
British Library	040-002127193	1384	300000809	Warkworth, Northumberland
British Library	040-002128100	1199	300000809	Brockhampton, Herefordshire
British Library	040-002128101	1199	300000809	Brockhampton, Herefordshire
British Library	040-002128102	1199	300000809	Brockhampton, Herefordshire
British Library	040-002128103	1199	300000809	Brockhampton, Herefordshire
British Library	040-002128104	1199	300000809	Brockhampton, Herefordshire
British Library	040-002128105	1199	300000809	Brockhampton, Herefordshire
British Library	040-002128106	1199	300000809	Brockhampton, Herefordshire
British Library	040-002128107	1199	300000809	Brockhampton, Herefordshire
British Library	040-002128108	1199	300000809	Brockhampton, Herefordshire
British Library	040-002128112	1302	300000809	Llangarren, Herefordshire
British Library	040-002128113	1396	300000809	Little Marcle, Herefordshire
British Library	040-002128114	1321	300000809	Much Marcle, Herefordshire
British Library	040-002128115	1321	300000809	Much Marcle, Herefordshire
British Library	040-002128116	1321	300000809	Much Marcle, Herefordshire
British Library	040-002128117	1321	300000809	Much Marcle, Herefordshire
British Library	040-002128118	1321	300000809	Much Marcle, Herefordshire
British Library	040-002128119	1361	300000809	Woolhope, Herefordshire
British Library	040-002128120	1332	300000809	Woolhope, Herefordshire
British Library	040-002130875	1400	300000809	Ashford-Carbonell, Shropshire
British Library	040-002130876	1345	300000809	Chelmarsh, Shropshire
British Library	040-002130878	1341	300000809	Diddlebury, Shropshire
British Library	040-002130883	1394	300000809	Rodington, Shropshire
British Library	040-002130885	1315	300000809	Stanton Lacy, Shropshire
British Library	040-002130886	1315	300000809	Stanton Lacy, Shropshire
British Library	040-002130887	1315	300000809	Stanton Lacy, Shropshire
British Library	040-002132341	1358	300000809	Carreghofa, Montgomeryshire
British Library	040-002132343	1462	300000809	Welshpool, Montgomeryshire
British Library	040-002133450	1363	300000809	Greystoke, Cumberland
British Library	040-002133479	1359	300000809	Leinthall Starkes, Herefordshire
British Library	040-002133480	1359	300000809	North Leintwardine, Herefordshire
British Library	040-002133481	1359	300000809	Walterstone, Herefordshire
British Library	040-002133482	1359	300000809	Wigmore, Herefordshire
British Library	040-002133575	1337	300000809	Ludlow, Shropshire ; Stanton Lacy, Shropshire
British Library	040-002133576	1431	300000809	Pitchford, Shropshire
British Library	040-002133836	1377	300000809	Aberhafesp, Montgomeryshire
British Library	040-002133837	1359	300000809	Kerry, Montgomeryshire ; Llanllwchaiarn, Montgomeryshire
British Library	040-002137890	1247	300000809	Bromyard, Herefordshire
British Library	040-002138233	1216	300000809	Much Marcle, Herefordshire
British Library	040-002138604	1247	300000809	Avenbury, Herefordshire ; Bromyard, Herefordshire
British Library	040-002138638	1272	300000809	Bishopton, Durham
British Library	040-002142122	1200	300000809	Kinnersley, Herefordshire ; Pickworth, Lincolnshire
British Library	040-002142127	1321	300000809	Willingdike, Northumberland
British Library	040-002144179	1404	300000809	Felton, Herefordshire
British Library	040-002144181	1404	300000809	Felton, Herefordshire
British Library	040-002144182	1404	300000809	Felton, Herefordshire
British Library	040-002144333	1441	300000809	Nether Crayling, Roxburghshire
British Library	036-002145201	1135	300000809	Herefordshire, England
British Library	040-002145210	1145	300000809	Hereford, Herefordshire
British Library	040-002145238	1259	300000809	Shropshire, England
British Library	040-002145328	1216	300000809	Northumberland, England
British Library	040-002145329	1216	300000809	Northumberland, England
British Library	040-002145330	1216	300000809	Northumberland, England
British Library	040-002145331	1216	300000809	Northumberland, England
British Library	040-002145332	1216	300000809	Northumberland, England
British Library	040-002145334	1216	300000809	Northumberland, England
British Library	040-002145335	1216	300000809	Northumberland, England
British Library	040-002145336	1415	300000809	Northumberland, England
British Library	040-002145339	1216	300000809	Northumberland, England
British Library	040-002147541	1216	300000809	Kirkoswald, Cumberland
British Library	037-002147913	1222	300000809	Gravenhanger, Shropshire
British Library	040-002147932	1383	300000809	Whitchurch, Shropshire
British Library	040-002155897	1400	300000809	Habberley, Shropshire
British Library	040-002155946	1216	300000809	Ashperton, Herefordshire ; Redmarley D' Abitot, Worcestershire (afterwards county Gloucestershire)
British Library	040-002155947	1216	300000809	Birch, Herefordshire ; Redmarley D' Abitot, Worcestershire (afterwards county Gloucestershire)
British Library	040-002155971	1459	300000809	Redmarley D' Abitot, Worcestershire (afterwards county Gloucestershire) ; Stoke-Bliss, Herefordshire
British Library	040-002156084	1421	300000809	Rushbury, Shropshire
British Library	040-002157837	1328	300000809	Northumberland, England
British Library	040-002157838	1329	300000809	Cumberland, England ; Westmorland, England
British Library	032-002157980	1100	300000809	Lanchester, Durham
British Library	032-002157994	1244	300000809	Whitchurch, Shropshire
British Library	032-002157996	1250	300000809	Marston-Montgomery, Derbyshire
British Library	032-002157999	1200	300000809	Wem, Shropshire
British Library	032-002158010	1299	300000809	Whittington, Shropshire
British Library	032-002158026	1406	300000809	Sutton St. Nicholas al. Sutton Frene, Herefordshire
British Library	032-002158027	1406	300000809	Sutton St. Nicholas al. Sutton Frene, Herefordshire
British Library	032-002158029	1406	300000809	Sutton St. Nicholas al. Sutton Frene, Herefordshire
British Library	032-002158030	1406	300000809	Sutton St. Nicholas al. Sutton Frene, Herefordshire
British Library	032-002158031	1406	300000809	Sutton St. Nicholas al. Sutton Frene, Herefordshire
British Library	040-002158449	1260	300000809	Rushbury, Shropshire
British Library	040-002158450	1260	300000809	Rushbury, Shropshire
British Library	040-002158922	1216	300000809	Calverhall, Shropshire
British Library	040-002158923	1301	300000809	Astley, Shropshire
British Library	040-002158924	1318	300000809	Morvill, Shropshire
British Library	040-002159924	1351	300000809	Embleton - with - Swainston, Durham ; Newton - Hansard, Durham
British Library	040-002159925	1357	300000809	Cause in Westbury, Shropshire
British Library	040-002164083	1252	300000809	Weardale St John, Durham
British Library	040-002164128	1377	300000809	Eccleswall, Herefordshire ; Huntley, Gloucestershire ; Leigh, Gloucestershire ; Longhope, Gloucestershire ; Lydney, Gloucestershire
British Library	040-002164146	1307	300000809	Brimfield, Herefordshire
British Library	040-002164147	1307	300000809	Brimfield, Herefordshire
British Library	040-002164148	1307	300000809	Brimfield, Herefordshire
British Library	040-002164149	1307	300000809	Brimfield, Herefordshire ; Moreton and Ashton Eye, Herefordshire
British Library	040-002164150	1307	300000809	Brimfield, Herefordshire
British Library	040-002164151	1307	300000809	Brimfield, Herefordshire
British Library	040-002164152	1307	300000809	Brimfield, Herefordshire
British Library	040-002164399	1430	300000809	Ledbury, Herefordshire
British Library	040-002164400	1430	300000809	Ledbury, Herefordshire
British Library	040-002164401	1389	300000809	Mathon, counties Herefordshire and Worcestershire
British Library	040-002164547	1475	300000809	Albrighton, Shropshire
British Library	040-002164548	1429	300000809	Berrington, Shropshire
British Library	040-002164551	1498	300000809	Broseley, Shropshire
British Library	040-002164553	1392	300000809	Ellesmere, Shropshire
British Library	040-002164579	1216	300000809	More, Shropshire
British Library	040-002164580	1216	300000809	More, Shropshire
British Library	040-002164581	1216	300000809	More, Shropshire
British Library	040-002164582	1317	300000809	More, Shropshire
British Library	040-002164605	1282	300000809	Ideshale al. Idsal, Shropshire
British Library	040-002164606	1282	300000809	Ideshale al. Idsal, Shropshire
British Library	040-002164607	1282	300000809	Ideshale al. Idsal, Shropshire
British Library	040-002164608	1282	300000809	Ideshale al. Idsal, Shropshire
British Library	040-002164609	1282	300000809	Ideshale al. Idsal, Shropshire
British Library	040-002164610	1282	300000809	Ideshale al. Idsal, Shropshire
British Library	040-002164611	1282	300000809	Ideshale al. Idsal, Shropshire
British Library	040-002164612	1282	300000809	Ideshale al. Idsal, Shropshire
British Library	040-002164613	1282	300000809	Ideshale al. Idsal, Shropshire
British Library	040-002164614	1282	300000809	Ideshale al. Idsal, Shropshire
British Library	040-002164615	1282	300000809	Ideshale al. Idsal, Shropshire ; Tong Norton, Shropshire Tong Norton in
British Library	040-002164616	1282	300000809	Ideshale al. Idsal, Shropshire
British Library	040-002164617	1282	300000809	Ideshale al. Idsal, Shropshire
British Library	040-002164618	1348	300000809	Shrewsbury, Shropshire
British Library	040-002164619	1348	300000809	Donington, Shropshire ; Pimley, Shropshire ; Shrewsbury, Shropshire ; Uffington, Shropshire
British Library	040-002164625	1468	300000809	Wellington, Shropshire (?)
British Library	040-002165258	1461	300000809	Ainderby Steeple, Yorkshire ; Barningham, North Riding of Yorkshire ; Newsham, North Riding of Yorkshire ; Over Silton, North Riding of Yorkshire ; South Kilvington, North Riding of Yorkshire ; Thornborough, Thirsk ; Upsall, Thirsk ; Winston, Durham
British Library	040-002165320	1400	300000809	Edgmond, Shropshire ; Ford al. Fordholme, Shropshire ; Newport, Shropshire
British Library	040-002165321	1391	300000809	Badgeworth, Gloucestershire ; Broughton Gifford, Wiltshire ; Codford St. Peter, Wiltshire ; Dilwyn, Herefordshire ; East and West Anstey, Devon ; Edgmond, Shropshire ; Ford al. Fordholme, Shropshire ; George Nympton, Devon ; Kilmington, Devon ; Monnington-on-Wye, Herefordshire ; Newport, Shropshire ; Newton Tracey, Devon ; Shobrooke, Devon
British Library	040-002165322	1391	300000809	Badgeworth, Gloucestershire ; Broughton Gifford, Wiltshire ; Codford St. Peter, Wiltshire ; Dilwyn, Herefordshire ; East and West Anstey, Devon ; Edgmond, Shropshire ; Ford al. Fordholme, Shropshire ; George Nympton, Devon ; Kilmington, Devon ; Monnington-on-Wye, Herefordshire ; Newport, Shropshire ; Newton Tracey, Devon ; Shobrooke, Devon
British Library	040-002165323	1391	300000809	Badgeworth, Gloucestershire ; Broughton Gifford, Wiltshire ; Codford St. Peter, Wiltshire ; Dilwyn, Herefordshire ; East and West Anstey, Devon ; Edgmond, Shropshire ; Ford al. Fordholme, Shropshire ; George Nympton, Devon ; Kilmington, Devon ; Monnington-on-Wye, Herefordshire ; Newport, Shropshire ; Newton Tracey, Devon ; Shobrooke, Devon
British Library	040-002165324	1391	300000809	Badgeworth, Gloucestershire ; Broughton Gifford, Wiltshire ; Codford St. Peter, Wiltshire ; Dilwyn, Herefordshire ; East and West Anstey, Devon ; Edgmond, Shropshire ; Ford al. Fordholme, Shropshire ; George Nympton, Devon ; Kilmington, Devon ; Monnington-on-Wye, Herefordshire ; Newport, Shropshire ; Newton Tracey, Devon ; Shobrooke, Devon
British Library	040-002165325	1391	300000809	Badgeworth, Gloucestershire ; Broughton Gifford, Wiltshire ; Codford St. Peter, Wiltshire ; Dilwyn, Herefordshire ; East and West Anstey, Devon ; Edgmond, Shropshire ; Ford al. Fordholme, Shropshire ; George Nympton, Devon ; Kilmington, Devon ; Monnington-on-Wye, Herefordshire ; Newport, Shropshire ; Newton Tracey, Devon ; Shobrooke, Devon
British Library	040-002165326	1391	300000809	Badgeworth, Gloucestershire ; Broughton Gifford, Wiltshire ; Codford St. Peter, Wiltshire ; Dilwyn, Herefordshire ; East and West Anstey, Devon ; Edgmond, Shropshire ; Ford al. Fordholme, Shropshire ; George Nympton, Devon ; Kilmington, Devon ; Monnington-on-Wye, Herefordshire ; Newport, Shropshire ; Newton Tracey, Devon ; Shobrooke, Devon
British Library	040-002165327	1391	300000809	Badgeworth, Gloucestershire ; Broughton Gifford, Wiltshire ; Codford St. Peter, Wiltshire ; Dilwyn, Herefordshire ; East and West Anstey, Devon ; Edgmond, Shropshire ; Ford al. Fordholme, Shropshire ; George Nympton, Devon ; Kilmington, Devon ; Monnington-on-Wye, Herefordshire ; Newport, Shropshire ; Newton Tracey, Devon ; Shobrooke, Devon
British Library	040-002165328	1391	300000809	Badgeworth, Gloucestershire ; Broughton Gifford, Wiltshire ; Codford St. Peter, Wiltshire ; Dilwyn, Herefordshire ; East and West Anstey, Devon ; Edgmond, Shropshire ; Ford al. Fordholme, Shropshire ; George Nympton, Devon ; Kilmington, Devon ; Monnington-on-Wye, Herefordshire ; Newport, Shropshire ; Newton Tracey, Devon ; Shobrooke, Devon
British Library	040-002165329	1391	300000809	Badgeworth, Gloucestershire ; Broughton Gifford, Wiltshire ; Codford St. Peter, Wiltshire ; Dilwyn, Herefordshire ; East and West Anstey, Devon ; Edgmond, Shropshire ; Ford al. Fordholme, Shropshire ; George Nympton, Devon ; Kilmington, Devon ; Monnington-on-Wye, Herefordshire ; Newport, Shropshire ; Newton Tracey, Devon ; Shobrooke, Devon
British Library	040-002165330	1391	300000809	Badgeworth, Gloucestershire ; Broughton Gifford, Wiltshire ; Codford St. Peter, Wiltshire ; Dilwyn, Herefordshire ; East and West Anstey, Devon ; Edgmond, Shropshire ; Ford al. Fordholme, Shropshire ; George Nympton, Devon ; Kilmington, Devon ; Monnington-on-Wye, Herefordshire ; Newport, Shropshire ; Newton Tracey, Devon ; Shobrooke, Devon
British Library	040-002165332	1391	300000809	Badgeworth, Gloucestershire ; Broughton Gifford, Wiltshire ; Codford St. Peter, Wiltshire ; Dilwyn, Herefordshire ; East and West Anstey, Devon ; Edgmond, Shropshire ; Ford al. Fordholme, Shropshire ; George Nympton, Devon ; Kilmington, Devon ; Monnington-on-Wye, Herefordshire ; Newport, Shropshire ; Newton Tracey, Devon ; Shobrooke, Devon
British Library	040-002165333	1391	300000809	Badgeworth, Gloucestershire ; Broughton Gifford, Wiltshire ; Codford St. Peter, Wiltshire ; Dilwyn, Herefordshire ; East and West Anstey, Devon ; Edgmond, Shropshire ; Ford al. Fordholme, Shropshire ; George Nympton, Devon ; Kilmington, Devon ; Monnington-on-Wye, Herefordshire ; Newport, Shropshire ; Newton Tracey, Devon ; Shobrooke, Devon
British Library	040-002165338	1415	300000809	Albrighton, Shropshire ; Edgmond, Shropshire ; Ford al. Fordholme, Shropshire ; Newport, Shropshire
British Library	040-002165339	1415	300000809	Albrighton, Shropshire ; Edgmond, Shropshire ; Ford al. Fordholme, Shropshire ; Newport, Shropshire
British Library	040-002165369	1475	300000809	Allington, Lincolnshire ; Barningham, North Riding of Yorkshire ; Carlton Scroop, Lincolnshire ; Great Driffield, East Riding of Yorkshire ; Newsham, North Riding of Yorkshire ; South Muskham, Nottinghamshire ; Whalton, Northumberland ; Winston, Durham
British Library	040-002165371	1475	300000809	Allington, Lincolnshire ; Barningham, North Riding of Yorkshire ; Carlton Scroop, Lincolnshire ; Great Driffield, East Riding of Yorkshire ; Newsham, North Riding of Yorkshire ; South Muskham, Nottinghamshire ; Whalton, Northumberland ; Winston, Durham
British Library	040-002165681	1380	300000809	Donington, Shropshire
British Library	040-002165682	1380	300000809	Albrighton, Shropshire ; Donington, Shropshire
British Library	040-002165683	1380	300000809	Albrighton, Shropshire ; Donington, Shropshire
British Library	040-002165684	1380	300000809	Albrighton, Shropshire ; Donington, Shropshire
British Library	040-002165685	1380	300000809	Albrighton, Shropshire ; Donington, Shropshire
British Library	040-002165686	1380	300000809	Albrighton, Shropshire ; Donington, Shropshire
British Library	040-002165687	1380	300000809	Albrighton, Shropshire ; Donington, Shropshire
British Library	040-002165688	1380	300000809	Donington, Shropshire
British Library	040-002165689	1380	300000809	Albrighton, Shropshire ; Donington, Shropshire
British Library	040-002165690	1380	300000809	Donington, Shropshire ; Tong, Shropshire
British Library	040-002165691	1380	300000809	Albrighton, Shropshire ; Donington, Shropshire
British Library	040-002165692	1380	300000809	Albrighton, Shropshire ; Donington, Shropshire
British Library	040-002165693	1380	300000809	Donington, Shropshire
British Library	040-002165694	1382	300000809	Albrighton, Shropshire
British Library	040-002165851	1335	300000809	Ellesmere, Shropshire
British Library	040-002165853	1448	300000809	Stoke-upon-Tern, Shropshire
British Library	040-002166371	1327	300000809	Woolhope, Herefordshire
British Library	040-002166463	1337	300000809	Mapledurham, Hampshire
British Library	040-002166464	1337	300000809	Mapledurham, Hampshire
British Library	040-002166989	1358	300000809	River Tees, Northern England
British Library	040-002167222	1260	300000809	Weston and Wixhill under Redcastle, Shropshire
British Library	040-002171553	1216	300000809	Hereford, Herefordshire
British Library	040-002171554	1256	300000809	Lyonshall, Herefordshire
British Library	040-002171651	1360	300000809	Newnham, Shropshire
British Library	040-002172051	1376	300000809	Church-Stretton, Shropshire
British Library	040-002172105	1216	300000809	Sheet, Shropshire
British Library	040-002172106	1216	300000809	Sheet, Shropshire
British Library	040-002172107	1216	300000809	Sheet, Shropshire
British Library	040-002172108	1216	300000809	Sheet, Shropshire
British Library	040-002172109	1216	300000809	Sheet, Shropshire
British Library	040-002172110	1216	300000809	Sheet, Shropshire
British Library	040-002172111	1216	300000809	Sheet, Shropshire
British Library	036-002172121	1272	300000809	Overton, counties Shropshire and Herefordshire
British Library	040-002172143	1216	300000809	Overton, counties Shropshire and Herefordshire ; Rock or Akes, Shropshire
British Library	040-002172144	1216	300000809	Overton, counties Shropshire and Herefordshire ; Rock or Akes, Shropshire
British Library	040-002172145	1216	300000809	Overton, counties Shropshire and Herefordshire ; Rock or Akes, Shropshire
British Library	040-002172146	1216	300000809	Overton, counties Shropshire and Herefordshire
British Library	040-002172147	1318	300000809	Mougrave, Shropshire
British Library	040-002172148	1318	300000809	Mougrave, Shropshire
British Library	040-002172149	1199	300000809	Whittington, Shropshire
British Library	040-002172150	1199	300000809	Whittington, Shropshire
British Library	040-002172168	1216	300000809	Pechesle ? Pixley, Herefordshire
British Library	040-002175061	1476	300000809	Edgmond, Shropshire ; Newport, Shropshire
British Library	040-002175063	1272	300000809	Shrewsbury, Shropshire
British Library	040-002176951	1358	300000809	Hereford, Herefordshire
British Library	032-002177241	1438	300000809	Mapledurham, Oxfordshire
British Library	040-002177938	1295	300000809	Mapledurham, Hampshire
British Library	040-002178092	1316	300000809	Cantlop, Shropshire
British Library	040-002178149	1498	300000809	Lauder, Berwickshire
British Library	040-002178830	1224	300000809	Auchencrieff, Dumfriesshire ; Brunschet, Dumfriesshire ; Dargavel, Dumfr
British Library	040-002178831	1316	300000809	Kimmerghame, Berwickshire
British Library	040-002178835	1406	300000809	Annandale, Dumfriesshire
British Library	040-002178880	1160	300000809	Lessudden al. St Boswells, Roxburghshire ; Plenmeller, Roxburghshire
British Library	040-002178887	1427	300000809	Bemersyde, Roxburghshire ; Redpath, Roxburghshire
British Library	040-002183625	1451	300000809	Wigmore Burgus, Herefordshire
British Library	040-002183634	1384	300000809	Preston-le-Skerne, Durham ; Preston-upon-Tees, Durham
British Library	040-002183635	1384	300000809	Preston-le-Skerne, Durham ; Preston-upon-Tees, Durham
British Library	032-002183639	1298	300000809	Shrewsbury, Shropshire
British Library	040-002185787	1480	300000809	Brigham, Cumberland
British Library	036-002186184	1315	300000809	Ellesmere, counties Shropshire and Flintshire
British Library	040-002186439	1450	300000809	Whittington, Shropshire
British Library	040-002189444	1405	300000809	Oswestry, Shropshire
British Library	032-002189598	1276	300000809	Llanymynech, counties Shropshire and Montg
British Library	040-002190103	1403	300000809	How Calple, Herefordshire
British Library	036-002190107	1216	300000809	Ross, Herefordshire
British Library	036-002190119	1378	300000809	Upton Bishop, Herefordshire
British Library	040-002190123	1434	300000809	Withington, Herefordshire
British Library	036-002190124	1378	300000809	Upton Bishop, Herefordshire
British Library	036-002190129	1316	300000809	Walford, Herefordshire
British Library	040-002190133	1486	300000809	Lower Weston, Herefordshire
British Library	040-002190287	1260	300000809	Leominster, Herefordshire
British Library	036-002190313	1404	300000809	Frodesley, Shropshire
British Library	040-002190336	1292	300000809	Carlisle, Cumberland
British Library	040-002190404	1410	300000809	Bodcut, Herefordshire ; Bredwardine, Herefordshire
British Library	040-002190405	1402	300000809	Kingstone, Herefordshire
British Library	040-002190406	1401	300000809	Ledbury, Herefordshire
British Library	040-002190407	1401	300000809	Ledbury, Herefordshire
British Library	040-002190486	1490	300000809	Shrewsbury, Shropshire
British Library	040-002190487	1287	300000809	Ludlow, Shropshire
British Library	040-002190488	1287	300000809	Ludlow, Shropshire
British Library	040-002190489	1411	300000809	Sheinton, Shropshire
British Library	036-002190700	1346	300000809	Northumberland, England
British Library	036-002190714	1345	300000809	Shropshire, England
British Library	040-002190879	1384	300000809	Ashford-Carbonell, Shropshire
British Library	040-002190880	1468	300000809	Condover, Shropshire ; Drayton Market, Shropshire
British Library	040-002190882	1272	300000809	Larden, Shropshire
British Library	040-002191188	1400	300000809	Buckton, Herefordshire
British Library	040-002191517	1275	300000809	Cleobury Mortimer, Shropshire
British Library	040-002191518	1287	300000809	Ludlow, Shropshire
British Library	040-002192419	1358	300000809	Knockin, Shropshire
British Library	040-002192461	1160	300000809	Estahomma, Herefordshire ; Westahomma, Bridge Sollers
British Library	040-002192930	1404	300000809	Coldborough, Herefordshire
British Library	040-002192945	1463	300000809	Pontshill, Herefordshire
British Library	040-002193876	1360	300000809	Shipley, Shropshire
British Library	036-002194433	1272	300000809	Eaton Mascott, Shropshire
British Library	040-002194833	1397	300000809	Wigmore, Herefordshire
British Library	040-002194941	1272	300000809	Eaton Mascott, Shropshire
British Library	040-002194942	1272	300000809	Eaton Mascott, Shropshire
British Library	040-002195045	1477	300000809	Crailing, Roxburghshire ; Denholm, Roxburghshire
British Library	040-002200296	1397	300000809	Carham, Northumberland
British Library	040-002200301	1441	300000809	Shropshire, England
British Library	040-002200302	1441	300000809	Shropshire, England
British Library	040-002202831	1400	300000809	Knockin, Shropshire
British Library	032-002202877	1199	300000809	Houghton-le-Spring, Durham
British Library	040-002203083	1348	300000809	Penrith, Cumberland
British Library	040-002203086	1231	300000809	Sebergham, Cumberland
British Library	040-002203087	1272	300000809	Gainford, Durham
British Library	040-002203098	1358	300000809	Lanchester, Durham
British Library	036-002203099	1340	300000809	Chilton, Durham
British Library	040-002203109	1327	300000809	Cornsay, Durham
British Library	040-002203110	1447	300000809	Darlington, Durham
British Library	040-002203112	1291	300000809	Newton, Durham
British Library	040-002203120	1325	300000809	Whickham, Durham
British Library	040-002203121	1325	300000809	Whickham, Durham
British Library	040-002203122	1343	300000809	Grindon, Durham
British Library	040-002203126	1358	300000809	Lamesley, Durham
British Library	036-002203127	1356	300000809	Hilton, Durham
British Library	040-002203130	1440	300000809	High Coniscliffe, Durham ; Killerby, Durham
British Library	040-002203131	1356	300000809	West Auckland, Durham
British Library	036-002203132	1402	300000809	Whickham, Durham
British Library	036-002203136	1401	300000809	Marwood, Durham
British Library	040-002203148	1350	300000809	East Murton, Durham ; Embleton, Durham ; Kelloe, Durham
British Library	036-002203149	1272	300000809	Winston, Durham
British Library	040-002203154	1358	300000809	Lamesley, Durham ; Lanchester, Durham
British Library	040-002203155	1358	300000809	Lanchester, Durham
British Library	040-002203158	1500	300000809	Lamesley, Durham
British Library	040-002203159	1412	300000809	Seaham, Durham
British Library	036-002203160	1406	300000809	Seaham, Durham
British Library	040-002203162	1412	300000809	Hawthorn, Durham ; Seaham, Durham
British Library	040-002203163	1412	300000809	Hawthorn, Durham ; Seaham, Durham
British Library	040-002203169	1394	300000809	Willington, Durham
British Library	040-002203170	1272	300000809	Winston, Durham
British Library	040-002203174	1197	300000809	Aislaby, Durham ; Eu, France
British Library	040-002203176	1382	300000809	Corbridge, Northumberland
British Library	040-002203177	1100	300000809	Milbourne, Northumberland
British Library	040-002203178	1493	300000809	Adderstone, Northumberland ; Bamburgh, Northumberland ; Ewart, Northumberland ; Nesbit, Northumberland
British Library	040-002203179	1493	300000809	Adderstone, Northumberland ; Bamburgh, Northumberland ; Ewart, Northumberland ; Nesbit, Northumberland
British Library	040-002203187	1340	300000809	Sleagill, Westmorland
British Library	040-002203188	1410	300000809	Great Strickland, Westmorland
British Library	040-002203214	1419	300000809	Haughton-le-Skerne, Durham
British Library	040-002203216	1427	300000809	Bishop Auckland, Durham
British Library	040-002203221	1419	300000809	Haughton-le-Skerne, Durham
British Library	040-002203234	1400	300000809	Dalton le Dale, Durham
British Library	040-002203341	1494	300000809	Burneside, Westmorland ; Kendal, Westmorland
British Library	040-002203414	1408	300000809	Shelve, Shropshire
British Library	040-002203423	1219	300000809	Ledbury, Herefordshire
British Library	040-002203464	1448	300000809	Preston, Northumberland ; Tynemouth, Northumberland
British Library	040-002203486	1216	300000809	Coddington, Herefordshire
British Library	040-002203515	1477	300000809	Brinsop, Herefordshire
British Library	040-002203656	1400	300000809	Gainford, Durham
British Library	040-002203658	1341	300000809	Bodenham, Herefordshire
British Library	040-002203659	1369	300000809	Little Hereford, Herefordshire
British Library	040-002203660	1328	300000809	Lyonshall, Herefordshire
British Library	040-002203706	1292	300000809	Shropshire, England
British Library	040-002203707	1404	300000809	Shropshire, England
British Library	040-002203742	1320	300000809	Ashford-Carbonell, Shropshire
British Library	040-002203743	1430	300000809	Astley, Shrewsbury ; Berrington, Shropshire ; Hadnall, Shropshire ; Middle, Shropshire
British Library	040-002203745	1216	300000809	Berrington, Shropshire
British Library	040-002203746	1270	300000809	Bridgnorth, Shropshire
British Library	040-002203747	1378	300000809	Shrewsbury, Shropshire
British Library	036-002203748	1357	300000809	Stottesdon, Shropshire
British Library	040-002203752	1349	300000809	Church Stretton, Shropshire
British Library	036-002203753	1362	300000809	Upton Magna, Shropshire
British Library	040-002203757	1343	300000809	Westbury, Shropshire
British Library	040-002203758	1272	300000809	Westbury, Shropshire
British Library	040-002203851	1383	300000809	Much Wenlock, Shropshire
British Library	040-002203891	1362	300000809	Much Cowarne, Herefordshire
British Library	032-002203953	1361	300000809	Eaton, Shropshire ; Hope Bowdler, Shropshire
British Library	032-002204221	1235	300000809	River Wye, Herefordshire
British Library	032-002204671	1469	300000809	Burneside, Westmorland ; Crook, Westmorland ; Kendal, Westmorland
British Library	040-002222857	1400	300000809	Durham, England